{
  "model": "logreg",
  "train_auc": 0.8133400957778161,
  "test_auc": 0.7772189904297242,
  "oot_auc": 0.7807069399841293,
  "n_train": 2555,
  "n_oot": 952,
  "n_features": 72
}