{
  "model": "logreg",
  "train_auc": 0.8254827209131628,
  "test_auc": 0.8008647609896709,
  "oot_auc": 0.8070007291201164,
  "n_train": 2500,
  "n_oot": 941,
  "n_features": 72
}