{
  "model": "logreg",
  "train_auc": 0.8045964171219446,
  "test_auc": 0.7746575469424828,
  "oot_auc": 0.7913042595215971,
  "n_train": 2568,
  "n_oot": 988,
  "n_features": 72
}