{
  "model": "logreg",
  "train_auc": 0.8339813311688312,
  "test_auc": 0.7977489177489177,
  "oot_auc": 0.7582852382935681,
  "n_train": 2410,
  "n_oot": 980,
  "n_features": 72
}