{
  "model": "xgboost",
  "train_auc": 1.0,
  "test_auc": 0.8103208857196471,
  "oot_auc": 0.7901122135412506,
  "n_train": 2555,
  "n_oot": 952,
  "n_features": 72
}