{
  "model": "logreg",
  "train_auc": 0.8259040683073833,
  "test_auc": 0.7825406637561333,
  "oot_auc": 0.7713865320096642,
  "n_train": 2525,
  "n_oot": 935,
  "n_features": 72
}