{
  "model": "logreg",
  "train_auc": 0.8172502437030282,
  "test_auc": 0.8082025528353213,
  "oot_auc": 0.7983182678158504,
  "n_train": 2444,
  "n_oot": 978,
  "n_features": 72
}